numberOfSales,gasUsed,tokensSoldPerCall,attackerProfit
1,48681,7000,17.477113031640370648
2,127362,3500,17.471031867262172617